{
    "_vcs_DPI_package": [
        "_vcs_DPI_package",
        "uM9F1",
        "module",
        1
    ],
    "vcs_paramclassrepository": [
        "vcs_paramclassrepository",
        "hEeZs",
        "module",
        2
    ],
    "_vcs_unit__3402221325": [
        "_vcs_unit__3402221325",
        "jpbka",
        "module",
        3
    ],
    "std": [
        "std",
        "reYIK",
        "module",
        4
    ],
    "uvm_pkg": [
        "uvm_pkg",
        "zr7M1",
        "module",
        5
    ],
    "riscv_wrapper": [
        "riscv_wrapper",
        "R7VfL",
        "module",
        6
    ],
    "riscv_if": [
        "riscv_if",
        "YZ9iM",
        "module",
        7
    ],
    "top": [
        "top",
        "Emx8S",
        "module",
        8
    ],
    "...MASTER...": [
        "SIM",
        "amcQw",
        "module",
        9
    ]
}